A 	C 	G 	T 	Consensus
207.4 	50.92 	180.9 	60.73 	R
249.8 	78.34 	112.2 	59.63 	N
317.8 	29.65 	75.37 	77.22 	A
266.3 	30.1 	140.7 	62.92 	R
180.5 	54.29 	240.5 	24.69 	R
273.6 	39.3 	145 	42.18 	R
116.7 	20.92 	351.8 	10.59 	G
142.4 	11.71 	338.5 	7.39 	G
452.1 	24.96 	10.4 	12.54 	A
426.7 	3.28 	35.43 	34.61 	A
48.7 	190.9 	243.5 	16.94 	S
119.9 	21.86 	32.93 	325.3 	T
43.01 	15.15 	414.6 	27.22 	G
328.1 	21.95 	123.6 	26.3 	A
276.8 	28.12 	178 	17.09 	R
381.5 	33.67 	60.76 	24.04 	A
185.7 	136.1 	127.9 	50.23 	N